{
  "system": "runqy",
  "job_count": 1000,
  "total_time_seconds": 0.34233335906174034,
  "throughput_per_second": 2921.1292838675663,
  "latency_p50_ms": 6.210737046785653,
  "latency_p95_ms": 33.066891017369926,
  "latency_p99_ms": 66.88831502106041,
  "errors": 0
}