{
  "system": "runqy",
  "job_count": 50000,
  "total_time_seconds": 16.876183768035844,
  "throughput_per_second": 2962.7551280107514,
  "latency_p50_ms": 11.164791998453438,
  "latency_p95_ms": 47.580135986208916,
  "latency_p99_ms": 78.61221092753112,
  "errors": 0
}