{
  "system": "runqy",
  "job_count": 10000,
  "total_time_seconds": 3.332251116982661,
  "throughput_per_second": 3000.9743110402064,
  "latency_p50_ms": 10.790242929942906,
  "latency_p95_ms": 47.520785010419786,
  "latency_p99_ms": 80.13486803974956,
  "errors": 0
}