{
  "system": "runqy",
  "job_count": 10000,
  "total_time_seconds": 0.11524196097161621,
  "throughput_per_second": 86773.94861809904,
  "latency_p50_ms": 0.011524196097161621,
  "latency_p95_ms": 0.011524196097161621,
  "latency_p99_ms": 0.011524196097161621,
  "errors": 0,
  "optimization": "bulk_lpush"
}