{
  "system": "temporal",
  "job_count": 50000,
  "total_time_seconds": 208.21233975200448,
  "throughput_per_second": 240.1394656030162,
  "latency_p50_ms": 196.7066350625828,
  "latency_p95_ms": 293.05177100468427,
  "latency_p99_ms": 338.7977209640667,
  "errors": 0
}