{
  "system": "temporal",
  "job_count": 1000,
  "total_time_seconds": 3.0307450449327007,
  "throughput_per_second": 329.9518716270657,
  "latency_p50_ms": 146.3246560888365,
  "latency_p95_ms": 184.87412598915398,
  "latency_p99_ms": 201.69241505209357,
  "errors": 0
}